Año,Trimestre,Trim_año,mes_año,Población en edad de trabajar (Total) - nota,Población en edad de trabajar (Total) - en miles,Fuerza de trabajo (Total) - nota,Fuerza de trabajo (Total) - en miles,Población ocupada (Total) - nota,Población ocupada (Total) - en miles,Población desocupada (Total) - nota,Población desocupada (Total) - en miles,Población desocupada (Cesantes) - nota,Población desocupada (Cesantes) - en miles,Población desocupada (Buscan trabajo por primera vez) - nota,Población desocupada (Buscan trabajo por primera vez) - en miles,Fuera de la fuerza de trabajo (Total) - nota,Fuera de la fuerza de trabajo (Total) - en miles,Fuera de la fuerza de trabajo (Iniciadores) - nota,Fuera de la fuerza de trabajo (Iniciadores) - en miles,Fuera de la fuerza de trabajo (Inactivos potencialmente activos) - nota,Fuera de la fuerza de trabajo (Inactivos potencialmente activos) - en miles,Fuera de la fuerza de trabajo (Inactivos habituales) - nota,Fuera de la fuerza de trabajo (Inactivos habituales) - en miles,Tasa de desocupación [1] - nota,Tasa de desocupación [1] - tasa (%),Tasa de ocupación [2] - nota,Tasa de ocupación [2] - tasa (%),Tasa de participación [3] - nota,Tasa de participación [3] - tasa (%)
2010,Ene - Mar,2010_Ene - Mar,01/febrero/2010,,13218.219001100171,,7883.686476900227,,7156.211576215972,,727.4749006842545,,634.3209292488518,,93.15397143540264,,5334.532524199946,,93.15167495013134,,1075.6604741766407,,4165.720375073174,,9.227598063619205,,54.13899993350353,,59.642577235587154
2010,Feb - Abr,2010_Feb - Abr,01/marzo/2010,,13235.828000739717,,7896.5179887001295,,7198.7773872589705,,697.7406014411594,,614.162420520436,,83.5781809207234,,5339.3100120395875,,76.97328916860609,,982.4056529908382,,4279.931069880144,,8.836054099283027,,54.388568564480046,,59.66017379690044
2010,Mar - May,2010_Mar - May,01/abril/2010,,13252.84500000041,,7899.816982868568,,7181.902887603677,,717.9140952648912,,640.5664886164247,,77.34760664846645,,5353.028017131841,,50.528824284839054,,978.7593934534221,,4323.739799393579,,9.087730726189601,,54.19140484630625,,59.60846129920273
2010,Abr - Jun,2010_Abr - Jun,01/mayo/2010,,13270.236000000416,,7905.91670939381,,7221.575499168756,,684.3412102250539,,607.8989217416955,,76.44228848335844,,5364.319290606605,,42.95076865436841,,990.012315188263,,4331.356206763973,,8.65606400092629,,54.419344909680056,,59.57630828414479
2010,May - Jul,2010_May - Jul,01/junio/2010,,13287.404000002756,,7931.587240624259,,7256.515675708963,,675.0715649152962,,605.989177404826,,69.08238751047014,,5355.816759378497,,41.091441742032416,,1017.4812025850375,,4297.244115051428,,8.511178714112768,,54.611989487995224,,59.69252715295338
2010,Jun - Ago,2010_Jun - Ago,01/julio/2010,,13304.972000014748,,7960.8177628927615,,7289.221280886205,,671.5964820065565,,598.3075296288403,,73.28895237771621,,5344.154237121988,,40.26255130725871,,1015.5726164911861,,4288.319069323544,,8.436275041202741,,54.785694256839655,,59.83340485710107
2010,Jul - Sep,2010_Jul - Sep,01/agosto/2010,,13322.178000015054,,8042.918534973653,,7389.466093731085,,653.4524412425683,,583.9407540738149,,69.51168716875331,,5279.259465041402,,43.69748888260204,,974.7703418548126,,4260.791634303987,,8.12456869233612,,55.4674025052265,,60.37239958034313
2010,Ago - Oct,2010_Ago - Oct,01/septiembre/2010,,13339.86900001639,,8042.963170954159,,7414.429992770515,,628.5331781836445,,553.1683062880178,,75.3648718956268,,5296.905829062231,,53.941546288303336,,905.5648145586136,,4337.399468215313,,7.814696708465468,,55.580980538575055,,60.29266982265177
2010,Sep - Nov,2010_Sep - Nov,01/octubre/2010,,13356.955000047312,,8087.411835420961,,7503.0922512473935,,584.3195841735671,,509.2649563147161,,75.05462785885102,,5269.5431646263505,,58.18168180271582,,857.0714680059233,,4354.290014817712,,7.2250504372039615,,56.17367320037252,,60.54831984829113
2010,Oct - Dic,2010_Oct - Dic,01/noviembre/2010,,13374.817000056571,,8160.715885142169,,7572.317751550401,,588.3981335917666,,498.84030696392637,,89.55782662784023,,5214.101114914403,,59.707207985898876,,844.1459454084792,,4310.2479615200255,,7.210128889097038,,56.61623446151355,,61.01553303576155
2010,Nov - Ene,2010_Nov - Ene,01/diciciembre/2010,,13391.933000004341,,8227.81035425652,,7615.516313016522,,612.294041239999,,508.32031598895753,,103.97372525104147,,5164.1226457478215,,65.55626437419555,,899.9863862591042,,4198.579995114522,,7.441761718817921,,56.86644574023819,,61.43855673601304
2011,Dic - Feb,2011_Dic - Feb,01/enero/2011,,13409.572000004731,,8233.856926936953,,7621.029946048524,,612.826980888428,,511.2377103978816,,101.58927049054648,,5175.715073067779,,75.10378284378866,,919.9495223533581,,4180.661767870632,,7.442769364665214,,56.83276055377334,,61.40283170062436
2011,Ene - Mar,2011_Ene - Mar,01/febrero/2011,,13426.839000005035,,8246.367210604292,,7623.921801739246,,622.4454088650457,,539.1224430268577,,83.32296583818793,,5180.471789400744,,71.68567212248868,,884.7881512291893,,4223.997966049066,,7.5481165580962895,,56.78121113790362,,61.417040977412476
2011,Feb - Abr,2011_Feb - Abr,01/marzo/2011,,13444.433000095472,,8250.013546571456,,7655.09584124612,,594.9177053253364,,533.7587668674477,,61.15893845788873,,5194.419453524016,,55.78294790250178,,839.8193395682716,,4298.817166053242,,7.211111860205037,,56.93877786584053,,61.36378935811477
2011,Mar - May,2011_Mar - May,01/abril/2011,,13461.548000060211,,8269.596968156806,,7665.522471209072,,604.074496947734,,542.0387041295796,,62.0357928181544,,5191.951031903407,,46.2919427426791,,849.4563059850786,,4296.2027831756495,,7.304763451880472,,56.9438408656626,,61.43124823474847
2011,Abr - Jun,2011_Abr - Jun,01/mayo/2011,,13479.195000067613,,8296.939796589877,,7698.5433083204725,,598.3964882694042,,534.9560793435985,,63.44040892580591,,5182.255203477737,,39.27410098822025,,885.9444383361075,,4257.03666415341,,7.212255397048333,,57.1142661581931,,61.55367435924962
2011,May - Jul,2011_May - Jul,01/junio/2011,,13496.488000016845,,8285.241446104248,,7659.426562160915,,625.814883943334,,553.1350666304795,,72.67981731285452,,5211.246553912598,,42.925041062530184,,913.5452007683549,,4254.776312081713,,7.553369301477564,,56.75125678733131,,61.38812886799816
2011,Jun - Ago,2011_Jun - Ago,01/julio/2011,,13513.926000000843,,8308.548234528658,,7684.189958594433,,624.358275934225,,556.1444359656184,,68.21383996860669,,5205.377765472185,,42.84701475183285,,916.1162935958658,,4246.414457124486,,7.514649470764548,,56.86127006018794,,61.48138027785664
2011,Jul - Sep,2011_Jul - Sep,01/agosto/2011,,13530.963000000906,,8323.162239662124,,7688.406161390224,,634.7560782719003,,567.3590781181081,,67.39700015379226,,5207.80076033878,,46.07339275637813,,951.9948436997679,,4209.732523882633,,7.626381175740099,,56.82083500922816,,61.5119725008602
2011,Ago - Oct,2011_Ago - Oct,01/septiembre/2011,,13548.290000001005,,8322.018944576794,,7703.13611156447,,618.8828330123229,,558.9404319071692,,59.94240110515378,,5226.271055424211,,46.74101910893624,,971.3265983200234,,4208.203437995252,,7.4366909896982385,,56.85688829781396,,61.42486575483825
2011,Sep - Nov,2011_Sep - Nov,01/octubre/2011,,13565.23800008663,,8327.409643300532,,7716.851185045567,,610.5584582549654,,536.6979253713179,,73.86053288364766,,5237.828356786097,,47.311382750083474,,953.0471182871594,,4237.469855748855,,7.3319133368942,,56.8869575675435,,61.387862441096516
2011,Oct - Dic,2011_Oct - Dic,01/noviembre/2011,,13582.706000094657,,8356.354870340132,,7786.90190352638,,569.4529668137515,,476.8521235592232,,92.60084325452834,,5226.351129754525,,53.05978266274369,,931.7492313616045,,4241.542115730176,,6.8146096671283765,,57.32953288889647,,61.522018295042955
2011,Nov - Ene,2011_Nov - Ene,01/diciciembre/2011,,13599.728000153575,,8391.714458478478,,7816.553425677756,,575.1610328007217,,468.67679625486164,,106.48423654586009,,5208.013541675096,,57.69913896484706,,933.670552826355,,4216.643849883894,,6.853915676547048,,57.475807057240324,,61.70501688257085
2012,Dic - Feb,2012_Dic - Feb,01/enero/2012,,13617.05700031194,,8424.025491216456,,7874.073702067556,,549.9517891489012,,448.52156420852504,,101.43022494037614,,5193.031509095482,,61.39744840961813,,924.1269453391673,,4207.507115346696,,6.528372803742388,,57.82507704775839,,61.8637749039567
2012,Ene - Mar,2012_Ene - Mar,01/febrero/2012,,13634.047000324532,,8416.897604371772,,7844.775579746791,,572.1220246249804,,489.6738893778389,,82.44813524714145,,5217.149395952761,,54.03316844437077,,876.6841703203603,,4286.432057188029,,6.797302896114809,,57.53812921108502,,61.734403615972745
2012,Feb - Abr,2012_Feb - Abr,01/marzo/2012,,13651.321000218342,,8419.956553935335,,7850.458117215892,,569.4984367194434,,495.42006835839965,,74.07836836104374,,5231.364446283007,,49.41923937379153,,839.0563491434273,,4342.888857765788,,6.763674290614601,,57.50694835386502,,61.67869434614177
2012,Mar - May,2012_Mar - May,01/abril/2012,,13668.447000299839,,8422.983154710359,,7838.273192749971,,584.7099619603873,,523.2840593920971,a,61.42590256829022,,5245.463845589482,,40.91776887539404,,821.9093078502599,,4382.636768863828,,6.941839384225787,,57.34574814957416,,61.62355646201494
2012,Abr - Jun,2012_Abr - Jun,01/mayo/2012,,13685.792000328165,,8388.369992164893,,7819.530112665534,,568.8398794993604,,511.5701228719844,a,57.26975662737612,,5297.42200816327,,45.108173087502294,,871.8584362485292,,4380.455398827239,,6.781292194200803,,57.13611687564764,,61.2925433322657
2012,May - Jul,2012_May - Jul,01/junio/2012,,13702.811001488377,,8367.12044454288,,7809.454632959994,,557.6658115828849,,509.5160843331887,,48.149727249696106,,5335.690556945497,,47.021771177957255,,889.5135164846519,,4399.155269282887,,6.664966941483437,,56.99162479955204,,61.061343133420266
2012,Jun - Ago,2012_Jun - Ago,01/julio/2012,,13719.163015883709,,8356.256595702556,,7809.8886925380175,,546.3679031645395,,499.3990098281324,,46.9688933364071,,5362.906420181152,,50.80763636416719,,910.3510226857362,,4401.747761131248,,6.538428983206723,,56.92685977632834,,60.909376075113975
2012,Jul - Sep,2012_Jul - Sep,01/agosto/2012,,13734.65401660895,,8428.348241225964,,7874.075164002465,,554.2730772234995,,503.639724624894,,50.63335259860558,,5306.305775382987,,45.15654652947814,,885.9407657799195,,4375.20846307359,,6.576295394539566,,57.329985556829854,,61.36556647902296
2012,Ago - Oct,2012_Ago - Oct,01/septiembre/2012,,13750.410016471229,,8455.491782540725,,7889.402245015344,,566.0895375253812,,513.4077897414384,,52.6817477839428,,5294.918233930505,,40.68424618888843,,870.7195209722228,,4383.514466769394,,6.694933329534634,,57.37575996326547,,61.49265201846439
2012,Sep - Nov,2012_Sep - Nov,01/octubre/2012,,13766.030000748218,,8462.804602251439,,7924.593581777048,,538.2110204743906,,480.91989677054147,,57.29112370384908,,5303.225398496781,,41.50871546461441,,845.6708108981146,,4416.045872134052,,6.359724060404341,,57.56629602976548,,61.47599999267372
2012,Oct - Dic,2012_Oct - Dic,01/noviembre/2012,,13781.86700075425,,8480.115052081928,,7952.257088144648,,527.8579639372797,,458.73750510420257,,69.12045883307708,,5301.751948672322,,45.005652783034456,,841.1808069143003,,4415.565488974988,,6.224655687987238,,57.700869466447756,,61.530959859196365
2012,Nov - Ene,2012_Nov - Ene,01/diciciembre/2012,,13797.331000717595,,8520.01638694507,,7998.629758840392,,521.3866281046782,,433.5983736269495,,87.78825447772871,,5277.314613772524,,64.52683479332994,,852.0351494148111,,4360.752629564383,,6.11954959269305,,57.97229738435924,,61.75119221610286
2013,Dic - Feb,2013_Dic - Feb,01/enero/2013,,13813.21500098005,,8535.721794247984,,7993.296994482488,,542.4247997654951,,458.0412811863792,,84.38351857911591,,5277.493206732066,,71.90625871338383,,867.2296372690912,,4338.357310749591,,6.354761938598117,,57.86702801567457,,61.7938821168162
2013,Ene - Mar,2013_Ene - Mar,01/febrero/2013,,13828.718000996703,,8539.439533151977,,7990.6858485859875,,548.7536845659889,,473.16973411915404,,75.58395044683492,,5289.278467844726,,75.62261736825909,,845.9451621259077,,4367.710688350559,,6.426108908384523,,57.78327280959854,,61.75149086514381
2013,Feb - Abr,2013_Feb - Abr,01/marzo/2013,,13844.59000296037,,8580.121558733334,,8019.066548437733,,561.055010295599,,503.8829799655525,,57.17203033004644,,5264.468444227039,,60.75271103350771,,784.3382513546607,,4419.37748183887,,6.539010041466435,,57.922022585883916,,61.97454425807234
2013,Mar - May,2013_Mar - May,01/abril/2013,,13860.181002108793,,8579.472934496709,,8018.2693896362325,,561.203544860476,,498.75298941269705,,62.4505554477789,,5280.708067612087,,53.816910427382524,,769.8243106418779,,4457.066846542826,,6.541235681319828,,57.85111600213786,,61.90015074977276
2013,Abr - Jun,2013_Abr - Jun,01/mayo/2013,,13875.9290045052,,8538.822339004166,,8004.245891722084,,534.5764472820828,,480.46170127023726,,54.11474601184549,,5337.106665501033,,49.372410451894446,,767.9806106467026,,4519.753644402435,,6.260540693535817,,57.684396404185165,,61.53694167959352
2013,May - Jul,2013_May - Jul,01/junio/2013,,13891.495001383368,,8486.063189406008,,7986.815194783084,,499.2479946229238,,451.3782516506529,,47.86974297227087,,5405.43181197736,,47.96260674873577,,813.1443841429201,,4544.324821085704,,5.883151980840591,,57.49428116979293,,61.08819236922256
2013,Jun - Ago,2013_Jun - Ago,01/julio/2013,,13907.448000397344,,8506.095098259395,,8008.576777586913,,497.51832067248233,,455.80073633802755,,41.71758433445483,,5401.352902137948,,42.064274286733784,,831.7310619078863,,4527.557565943328,,5.848962595942404,,57.58480475611416,,61.162156407245746
2013,Jul - Sep,2013_Jul - Sep,01/agosto/2013,,13923.09700031947,,8509.54415365329,,8010.842600078292,,498.70155357499755,,460.1827124089304,,38.51884116606707,,5413.552846666183,,44.02987702737582,,865.8362540168154,,4503.686715621991,,5.860496691363856,,57.53635559598902,,61.11818479364207
2013,Ago - Oct,2013_Ago - Oct,01/septiembre/2013,,13938.841000415223,,8537.825466784641,,8029.597367545407,,508.2280992392333,,462.6042734288597,,45.62382581037359,,5401.015533630582,a,49.62769203636475,,853.1521098369208,,4498.235731757296,,5.952664425109557,,57.60591836370194,,61.25204718620658
2013,Sep - Nov,2013_Sep - Nov,01/octubre/2013,,13954.615001220047,,8569.727962700175,,8067.127396998905,,502.60056570126994,,454.804694998487,,47.79587070278298,,5384.887038519871,a,48.29989530523619,,835.0077735669469,,4501.5793696476885,,5.864836875672645,,57.80974535158153,,61.41142526648659
2013,Oct - Dic,2013_Oct - Dic,01/noviembre/2013,,13970.560001351412,,8649.478733347261,,8149.389056275679,,500.08967707158166,,436.38754540616173,,63.702131665419934,,5321.081268004152,a,48.96811388937023,,812.3831778786865,,4459.729976236094,,5.781731968928167,,58.33258692197997,,61.91218342364638
2013,Nov - Ene,2013_Nov - Ene,01/diciciembre/2013,,13986.09900052424,,8713.968656573426,,8170.960610282519,,543.0080462909067,,454.09965068059125,,88.90839561031552,,5272.130343950814,,42.31998718262942,,815.8235007488937,,4413.98685601929,,6.231466599105631,,58.42201324312267,,62.30449717427855
2014,Dic - Feb,2014_Dic - Feb,01/enero/2014,,14002.110000437233,,8743.658371524029,,8202.88979307263,,540.7685784513984,,452.8654666808125,,87.90311177058581,,5258.451628913204,,51.45933515053465,,833.4815873538471,,4373.5107064088215,,6.184694729297182,,58.58324061742469,,62.44529125432522
2014,Ene - Mar,2014_Ene - Mar,01/febrero/2014,,14017.656000384623,,8722.868808157415,,8156.195997111541,,566.672811045874,,485.7521507849102,,80.9206602609638,,5294.787192227208,,58.084407811704274,,813.0872619823122,,4423.6155224331915,,6.496404147634725,,58.18516303216278,,62.22772771651746
2014,Feb - Abr,2014_Feb - Abr,01/marzo/2014,,14033.560000028538,,8716.887559058829,,8181.3091599605405,,535.5783990982878,,481.7242023125132,,53.854196785774555,,5316.672440969709,,58.5136105998679,,772.1858595172451,,4485.972970852596,,6.144147156535248,,58.29817352078804,,62.11458503074845
2014,Mar - May,2014_Mar - May,01/abril/2014,,14049.294000000122,,8706.597402537243,,8155.971029421337,,550.6263731159062,,496.8610761723726,,53.76529694353362,,5342.696597462877,,57.06795313570693,,760.3239867594089,,4525.304657567762,,6.3242429580520705,,58.05253295589989,,61.97177881349175
2014,Abr - Jun,2014_Abr - Jun,01/mayo/2014,,14065.04400000043,,8686.615530466259,,8120.436531327254,,566.1789991390043,,520.0969201101136,,46.082079028890675,,5378.428469534169,,49.27172366992245,,777.4467761995434,,4551.709969664703,,6.517831912247811,,57.734881819971605,,61.760315363862304
2014,May - Jul,2014_May - Jul,01/junio/2014,,14080.765000000465,,8655.76416099222,,8084.992528859695,,570.7716321325247,,526.920372916115,,43.851259216409716,,5425.000839008246,,54.032123197014094,,812.892307385268,,4558.076408425964,,6.594121807347124,,57.41870224280732,,61.47225779985629
2014,Jun - Ago,2014_Jun - Ago,01/julio/2014,,14096.529000000508,,8633.943161307197,,8044.5489513190605,,589.3942099881375,,543.5007257331214,,45.89348425501615,,5462.5858386933105,,49.99397457873172,,824.1269546520689,,4588.464909462509,,6.826477763132528,,57.06758700186953,,61.24871705160104
2014,Jul - Sep,2014_Jul - Sep,01/agosto/2014,,14112.050000000567,,8675.21353797473,,8088.721395556251,,586.4921424184778,,540.0817774733716,,46.41036494510619,,5436.836462025837,,51.356301084327,,843.6422019600041,,4541.837958981507,,6.760549925960638,,57.31783401813292,,61.473801028017775
2014,Ago - Oct,2014_Ago - Oct,01/septiembre/2014,,14127.638000001712,,8709.617220481638,,8137.946665645916,,571.6705548357215,,520.135554621325,,51.53500021439644,,5418.020779520075,,44.70053126917449,,809.4213992878216,,4563.898848963078,,6.563670255121824,,57.603023701803025,,61.649493145850585
2014,Sep - Nov,2014_Sep - Nov,01/octubre/2014,,14143.196000000993,,8751.59171289018,,8207.691839743442,,543.899873146737,,495.0199310841216,,48.879942062615434,,5391.604287110812,,43.55899553341496,,777.6538287597256,,4570.391462817672,,6.214868003332803,,58.032794283151176,,61.8784588213977
2014,Oct - Dic,2014_Oct - Dic,01/noviembre/2014,,14158.92500000155,,8795.429279167221,,8249.62039959332,,545.8088795739017,,482.117328789473,,63.691550784428635,,5363.49572083433,,44.29181395446155,,769.3961768861559,,4549.807729993713,,6.205596819096708,,58.264454396025236,,62.11932953360695
2014,Nov - Ene,2014_Nov - Ene,01/diciciembre/2014,,14174.3180000006,,8807.578660528925,,8259.157929598527,,548.4207309303981,,481.9047923407535,,66.51593858964458,,5366.7393394716755,,52.97357760670277,,796.5794235097762,,4517.186338355196,,6.226691262924964,,58.26846786983456,,62.137583342835626
2015,Dic - Feb,2015_Dic - Feb,01/enero/2015,,14190.084000001138,,8810.699146001976,,8263.091077420167,,547.6080685818094,,481.9899051512919,,65.61816343051743,,5379.384853999161,,65.55425365685173,,802.7850584408304,,4511.04554190148,,6.215262370300058,,58.23144582808322,,62.090535517628155
2015,Ene - Mar,2015_Ene - Mar,01/febrero/2015,,14205.568000000414,,8779.034305445997,,8232.200162684692,,546.8341427613052,,490.7054962076904,,56.1286465536148,,5426.533694554417,,73.69926099390186,,774.7522148433775,,4578.082218717137,,6.228864402797486,,57.95051744980878,,61.79995270478267
2015,Feb - Abr,2015_Feb - Abr,01/marzo/2015,,14221.204000001931,,8788.86130563087,,8230.255212579306,,558.6060930515634,,501.8636559626146,,56.742437088948925,,5432.34269437106,,67.17640680049351,,759.937073072717,,4605.22921449785,,6.355841486469632,,57.873125317506094,,61.801105628114726
2015,Mar - May,2015_Mar - May,01/abril/2015,,14236.737000000434,,8806.35599742324,,8211.794088983348,,594.5619084398912,,534.4193820397145,,60.14252640017664,,5430.381002577194,,55.745526165856596,,753.1073133445713,,4621.528163066766,,6.751508894415141,,57.68031037577711,,61.85656163644079
2015,Abr - Jun,2015_Abr - Jun,01/mayo/2015,,14252.333000000282,,8802.77850122997,,8215.6134511849,,587.1650500450713,,529.1245001348318,,58.040549910239434,,5449.554498770313,,54.502139412461574,,782.2923768800524,,4612.759982477799,,6.67022406576548,,57.64399029397318,,61.76377229769887
2015,May - Jul,2015_May - Jul,01/junio/2015,,14267.926000000572,,8810.3822194139,,8220.82614419522,,589.5560752186781,,537.4744486760279,,52.08162654265012,,5457.543780586674,,50.55310731144343,,836.0927189263974,,4570.897954348833,,6.691606113518849,,57.61752720188548,,61.749564859066034
2015,Jun - Ago,2015_Jun - Ago,01/julio/2015,,14283.926000000378,,8829.119225372051,,8250.061202042705,,579.0580233293458,,534.5182772277863,,44.53974610155962,,5454.806774628327,,55.565417873006844,,865.654201189659,,4533.587155565661,,6.558502706196549,,57.7576585179907,,61.81157215020448
2015,Jul - Sep,2015_Jul - Sep,01/agosto/2015,,14300.293000000394,,8883.365959786574,,8302.038516664466,,581.3274431221063,,536.4526548013079,,44.874788320798494,,5416.927040213823,,49.12715001964202,,869.3368630320753,,4498.4630271621045,,6.54399971535196,,58.05502388422556,,62.12016746640315
2015,Ago - Oct,2015_Ago - Oct,01/septiembre/2015,,14317.039000000614,,8884.710204640422,,8312.069401188983,,572.6408034514393,,526.8135251698759,,45.82727828156326,,5432.32879536019,,65.90761610823353,,821.0590997395639,,4545.3620795123925,,6.445238958411418,,58.057182083450556,,62.05689741181848
2015,Sep - Nov,2015_Sep - Nov,01/octubre/2015,,14333.482000000473,,8909.433282326354,,8359.291568252766,,550.1417140735874,,501.30388438567365,,48.83782968791374,,5424.048717674122,,65.18033451903285,,792.0945314719033,,4566.773851683184,,6.174822759657495,,58.32003394745596,,62.15819214288656
2015,Oct - Dic,2015_Oct - Dic,01/noviembre/2015,,14350.092000000514,,8954.113876451487,,8428.469854872856,,525.6440215786308,,468.55041930171905,,57.09360227691175,,5395.978123549027,,73.1408913223162,,777.6757619605744,,4545.161470266137,,5.870419215473987,,58.73460501070345,,62.39760606727236
2015,Nov - Ene,2015_Nov - Ene,01/diciciembre/2015,,14366.762000001005,,8983.669904843893,,8452.06698899604,,531.6029158478525,,464.85454312622255,,66.74837272162998,,5383.0920951571115,,89.12549389820353,,833.2408131486317,,4460.725788110277,,5.917435986391466,,58.830702346119814,,62.530930106890224
2016,Dic - Feb,2016_Dic - Feb,01/enero/2016,,14383.314000000417,,8958.796397756001,,8417.133469896493,,541.6629278595072,,473.05764379730067,,68.60528406220661,,5424.5176022444175,,103.47348004427418,,846.0046259476172,,4475.039496252525,,6.046157360995311,,58.52012595912354,,62.286037819627246
2016,Ene - Mar,2016_Ene - Mar,01/febrero/2016,,14399.681000000392,,8940.879366635214,,8360.571675024119,,580.3076916110966,,520.9593934820111,,59.34829812908549,,5458.801633365177,,99.04425490586678,,832.4869047463102,,4527.270473713,,6.490499064070115,,58.06081172925908,,62.090815530114675
2016,Feb - Abr,2016_Feb - Abr,01/marzo/2016,,14416.479000003172,,8968.626275517134,,8376.229156757188,,592.3971187599456,,534.9860094795289,,57.411109280416674,,5447.852724486037,,71.00472976680052,,755.3659235956378,,4621.482071123599,,6.605215788476899,,58.101767822471395,,62.21093427538833
2016,Mar - May,2016_Mar - May,01/abril/2016,,14432.861000002391,,8981.454807359421,,8350.310722759787,,631.1440845996364,,572.0983341030255,,59.045750496610935,,5451.406192642969,,57.75090051151454,,757.599843348967,,4636.055448782487,,7.027192121286138,,57.85624016443034,,62.22920602753628
2016,Abr - Jun,2016_Abr - Jun,01/mayo/2016,,14449.46400000498,,8966.706261413217,,8337.421001700062,,629.2852597131534,,566.4037850114604,,62.88147470169306,,5482.757738591763,,55.430716117370636,,754.0052601329093,,4673.321762341484,,7.018020233596607,,57.70055554792336,,62.05563238477306
2016,May - Jul,2016_May - Jul,01/junio/2016,,14466.036000053853,,8989.506845915828,,8336.22893309527,,653.2779128205583,,595.0895410775731,,58.1883717429852,,5476.529154138025,,53.3407420027799,,749.2162588032368,,4673.972153332008,,7.267116250290859,,57.62621448656865,,62.14215729784139
2016,Jun - Ago,2016_Jun - Ago,01/julio/2016,,14485.091000018725,,8967.220941823141,,8333.199644525483,,634.021297297658,,581.8723216888856,,52.148975608772375,,5517.870058195584,,48.181891014598364,,761.328658049059,,4708.359509131926,,7.070432427292841,,57.52949459906541,,61.90655579458596
2016,Jul - Sep,2016_Jul - Sep,01/agosto/2016,,14506.329000021453,,9011.989083886587,,8378.381375950104,,633.6077079364823,,584.2635279337421,,49.344180002740146,,5494.339916134865,,47.42130760548342,,766.6982465814319,,4680.22036194795,,7.03071987813846,,57.75673070656067,,62.124532566945504
2016,Ago - Oct,2016_Ago - Oct,01/septiembre/2016,,14527.620000014373,,8994.637847309106,,8393.72172581695,,600.9161214921569,,556.888696150162,,44.02742534199475,,5532.982152705266,,53.325087957901644,,787.512653846377,,4692.144410900988,,6.680826195486356,,57.77767952223864,,61.91404956421085
2016,Sep - Nov,2016_Sep - Nov,01/octubre/2016,,14548.817000021523,,9046.370504783743,,8467.096743340697,,579.2737614430467,,528.2923336808948,,50.981427762151846,,5502.446495237778,,61.27034808357501,,742.816614768542,,4698.3595323856625,,6.403383115214277,,58.19783658924413,,62.179423280740686
2016,Oct - Dic,2016_Oct - Dic,01/noviembre/2016,,14570.045000059185,,9062.630724252847,,8500.710215149504,,561.9205091033452,,502.7707592430341,,59.14974986031107,,5507.414275806334,,65.430237886885,,746.5359137366924,,4695.448124182758,,6.200412730042818,,58.343747154624246,,62.200430569816604
2016,Nov - Ene,2016_Nov - Ene,01/diciciembre/2016,,14591.337000037702,,9115.128280327423,,8534.552022825948,,580.5762575014737,,505.8912610491323,,74.6849964523415,,5476.208719710279,,69.21094007004174,,780.3744237968671,,4626.6233558433705,,6.3693701245488015,,58.4905414959842,,62.46945211603207
2017,Dic - Feb,2017_Dic - Feb,01/enero/2017,,14612.643000021946,,9102.029777780677,,8485.699612245155,,616.330165535523,,535.0648768887874,,81.26528864673567,,5510.613222241267,,78.43467635943784,,805.3746426780499,,4626.803903203779,,6.77134859567336,,58.07094317046144,,62.28873023016445
2017,Ene - Mar,2017_Ene - Mar,01/febrero/2017,,14633.845000059739,,9127.009884203106,,8484.447492095569,,642.5623921075369,,564.8537609123034,,77.70863119523348,,5506.835115856633,,79.94651625132009,,766.4059672498084,,4660.4826323555035,,7.040228949676875,,57.97825173124994,,62.36918516060439
2017,Feb - Abr,2017_Feb - Abr,01/marzo/2017,,14655.169000395881,,9147.351504411243,,8499.903979777695,,647.4475246335483,,579.548845298857,a,67.89867933469114,,5507.817495984637,,71.55466511452374,,715.2590093941634,,4721.00382147595,,7.077977973420191,,57.999358312061,,62.41723656795868
2017,Mar - May,2017_Mar - May,01/abril/2017,,14676.365000437481,,9209.963528112696,,8535.209844954554,,674.7536831581419,,611.7005194362049,,63.053163721936976,,5466.401472324786,,62.58831561171855,,698.3885329636682,,4705.4246237494,,7.326344790601058,,58.15615681880446,,62.753709980898954
2017,Abr - Jun,2017_Abr - Jun,01/mayo/2017,,14697.658000967785,,9196.643144545033,,8524.136834317173,,672.5063102278599,,608.3072408968344,,64.19906933102541,,5501.014856422754,,61.89476109242873,,742.0297231896583,,4697.090372140668,,7.3125193579654715,,57.99656539671756,,62.57216723874966
2017,May - Jul,2017_May - Jul,01/junio/2017,,14718.872000166897,,9201.445548372432,,8537.397604901249,,664.0479434711842,,602.5242229444038,,61.52372052678043,,5517.426451794463,,61.35669750159639,,762.0900268885365,,4693.979727404331,,7.21677849399046,,58.00306983309892,,62.51461082254196
2017,Jun - Ago,2017_Jun - Ago,01/julio/2017,,14743.176000466661,,9209.661858395946,,8573.495746611072,,636.1661117848724,,573.3593311508786,,62.80678063399392,,5533.514142070717,,61.47673457241704,,778.0792787152552,,4693.958128783045,,6.9075946714038645,,58.15229870646391,,62.4672855977873
2017,Jul - Sep,2017_Jul - Sep,01/agosto/2017,,14770.248000395593,,9260.921471155341,,8613.09251124476,,647.8289599105822,,588.6379534861804,,59.191006424401714,,5509.326529240252,,59.55199903828442,,761.9027917381443,,4687.871738463824,,6.995296979121912,,58.31379751385403,,62.699837341304665
2017,Ago - Oct,2017_Ago - Oct,01/septiembre/2017,,14797.389005160361,,9270.198856256106,,8622.70351825049,,647.4953380056158,,585.062036122879,,62.433301882736814,,5527.190148904255,,68.30625235320852,,773.0626199911928,,4685.821276559854,,6.984697394799097,,58.27179048441218,,62.64753094632618
2017,Sep - Nov,2017_Sep - Nov,01/octubre/2017,,14824.509018473615,,9338.743214101112,,8712.681459376277,,626.0617547248349,,566.8576934270939,,59.20406129774103,,5485.765804372501,,61.8669895273438,,738.8311240554224,,4685.067690789736,,6.703918721948665,,58.77214178573428,,62.99529517276831
2017,Oct - Dic,2017_Oct - Dic,01/noviembre/2017,,14851.798030734872,,9379.522639247585,,8768.666856716694,,610.8557825308925,,535.5329183887084,,75.3228641421841,,5472.275391487286,,66.11888428538148,,741.5431982459075,,4664.613308955996,,6.512653213019962,,59.0411129923157,,63.154121944274
2017,Nov - Ene,2017_Nov - Ene,01/diciciembre/2017,,14878.816005353787,,9438.115290246049,,8793.922635163724,,644.1926550823244,,549.2133963644696,,94.9792587178548,,5440.700715107736,,68.97185994171583,,740.9472976196253,,4630.781557546395,,6.82543744457195,,59.10364529005159,,63.43324150826227
2018,Dic - Feb,2018_Dic - Feb,01/enero/2018,,14905.915003151658,,9449.494321481097,,8787.079741272875,,662.4145802082207,,559.5508784894013,,102.86370171881947,,5456.420681670562,,84.8864082492889,,761.9225909179695,,4609.611682503303,,7.010053212079131,,58.95028744907618,,63.39425871865717
2018,Ene - Mar,2018_Ene - Mar,01/febrero/2018,,14933.086002832652,,9456.608476107924,,8759.080752720245,,697.5277233876777,,605.6488777954629,,91.87884559221476,,5476.47752672473,,85.82790609104877,,736.0272841801275,,4654.6223364535535,,7.376087580975549,,58.65553008305676,,63.32655202222838
2018,Feb - Abr,2018_Feb - Abr,01/marzo/2018,,14960.269004918136,,9441.395486169677,,8781.083739942203,,660.3117462274731,,585.1866201542264,,75.1251260732467,,5518.873518748459,,79.62862391533638,,713.9563907019261,,4725.288504131197,,6.993793949154417,,58.696028373924655,,63.10979757827785
2018,Mar - May,2018_Mar - May,01/abril/2018,,14987.44700093574,,9465.329449299254,,8766.651220416994,,698.6782288822599,,630.7058016386021,,67.97242724365786,,5522.117551636486,,65.16694551921249,,689.5689273776728,,4767.3816787396,,7.3814464950713905,,58.493292552558486,,63.155048679793744
2018,Abr - Jun,2018_Abr - Jun,01/mayo/2018,,15014.649000457308,,9466.861697130762,,8755.548737764533,,711.3129593662296,,636.214191018885,,75.09876834734453,,5547.787303326544,,56.942055110409946,,706.6486318799131,,4784.196616336221,,7.513714492964612,,58.31337607357896,,63.050835865976126
2018,May - Jul,2018_May - Jul,01/junio/2018,,15041.679000057367,,9450.965307088372,,8708.73767252272,,742.2276345656535,,670.5080584424833,,71.71957612317024,,5590.713692968993,,54.1310779098793,,707.989957317476,,4828.592657741638,,7.853458461105249,,57.897377496817384,,62.83185079971676
2018,Jun - Ago,2018_Jun - Ago,01/julio/2018,,15069.360000241011,,9435.52958599105,,8707.194347841003,,728.3352381500456,,651.8461779797748,,76.48906017027089,,5633.830414249961,,55.50016376469657,,727.1255353355122,,4851.204715149753,,7.719071107904813,,57.780783972920844,,62.614003420451446
2018,Jul - Sep,2018_Jul - Sep,01/agosto/2018,,15097.475000202328,,9414.173857588417,,8710.907720695692,,703.2661368927263,,630.7453614243965,,72.52077546832986,,5683.30114261391,,55.93044400185928,,761.1367798864412,,4866.233918725609,,7.4702905165263065,,57.69777873835825,,62.355949305842564
2018,Ago - Oct,2018_Ago - Oct,01/septiembre/2018,,15125.725000117342,,9476.203877094917,,8773.836474712647,,702.3674023822704,,627.8588225350293,,74.508579847241,,5649.521123022424,,58.042391490177074,,741.2233049027888,,4850.255426629458,,7.41190682990658,,58.00605574043283,,62.649584578731954
2018,Sep - Nov,2018_Sep - Nov,01/octubre/2018,,15153.834000540042,,9525.405930260233,,8828.991357605104,,696.4145726551307,,604.1850101547616,a,92.22956250036906,,5628.428070279809,,53.97421847367781,,719.0922158881883,,4855.361635917943,,7.311127502112706,,58.26242624335506,,62.85805908868194
2018,Oct - Dic,2018_Oct - Dic,01/noviembre/2018,,15182.093001168334,,9600.33271603016,,8914.248460323794,,686.0842557063669,,588.5851402235784,a,97.49911548278837,,5581.760285138174,,58.146733866080055,,689.7227558144485,,4833.890795457645,,7.146463315388823,,58.71554376354959,,63.234579812489415
2018,Nov - Ene,2018_Nov - Ene,01/diciciembre/2018,,15209.999007804874,,9613.341740851201,,8927.951603260039,,685.3901375911613,,578.8502560012064,a,106.5398815899549,,5596.657266953674,,64.08261531906558,,733.5800936778057,,4798.994557956802,,7.129572172376286,,58.69791049084711,,63.20409183405076
2019,Dic - Feb,2019_Dic - Feb,01/enero/2019,,15238.230002940716,,9581.636429512477,,8907.637494962315,,673.9989345501627,,587.8188095447764,,86.1801250053863,,5656.593573428239,,77.42010860458255,,772.933566137274,,4806.239898686383,,7.034277907625186,,58.45585408044959,,62.87893297097751
2019,Ene - Mar,2019_Ene - Mar,01/febrero/2019,,15266.347000687796,,9571.748395672486,,8879.109953583637,,692.6384420888506,,607.5742140813887,,85.06422800746186,,5694.59860501531,,76.72069293207211,,765.5559046677712,,4852.322007415466,,7.236279240290118,,58.16132669579439,,62.69835472258851
2019,Feb - Abr,2019_Feb - Abr,01/marzo/2019,,15294.556000130007,,9597.056416364414,,8916.016879845169,,681.0395365192451,,598.0509466399091,,82.98858987933612,,5697.499583765592,,69.89860620409748,,720.8775602794485,,4906.723417282047,,7.096337741205429,,58.29536260986837,,62.74818580077014
2019,Mar - May,2019_Mar - May,01/abril/2019,,15322.644000055989,,9621.09962372684,,8925.274740621848,,695.824883104992,,609.1253979703648,,86.69948513462725,,5701.544376329149,,64.23597834197908,,689.2626082863538,,4948.045789700816,,7.232280199957606,,58.24892062094006,,62.7900747657629
2019,Abr - Jun,2019_Abr - Jun,01/mayo/2019,,15350.992000052564,,9620.457734392858,,8922.607756160614,,697.8499782322416,,608.6447876107322,,89.20519062150935,,5730.534265659707,,65.37228136252442,,696.7342564006873,,4968.427727896495,,7.253812630322652,,58.12398153897848,,62.6699416842893
2019,May - Jul,2019_May - Jul,01/junio/2019,,15378.955000002064,,9638.103899457696,,8910.558029202472,,727.5458702552229,,626.8625155931501,,100.68335466207287,,5740.851100544368,,64.54494680741126,,733.9313738799269,,4942.37477985703,,7.5486410796646375,,57.939944743978224,,62.6707334760808
2019,Jun - Ago,2019_Jun - Ago,01/julio/2019,,15406.713000001333,,9659.443705593805,,8928.049175676062,,731.3945299177436,,638.4210451128732,,92.97348480487048,,5747.269294407528,,61.64887340851691,,749.9822740571207,,4935.63814694189,,7.571807986149258,,57.94908476373442,,62.69633052548568
2019,Jul - Sep,2019_Jul - Sep,01/agosto/2019,,15433.915000000743,,9712.7438515882,,9000.090955345373,,712.6528962428275,,625.3481769497072,,87.30471929312029,,5721.171148412543,,59.67928962417892,,761.1768710733446,,4900.314987715019,,7.337297339786188,,58.313726331555806,,62.931173662597814
2019,Ago - Oct,2019_Ago - Oct,01/septiembre/2019,,15461.363000000578,,9686.048911951573,,8994.360428783355,,691.6884831682175,,613.8248333179557,,77.86364985026182,,5775.314088049004,,73.39661356785949,,755.2007366022327,,4946.716737878912,,7.141079809278541,,58.17314054901252,,62.64679842230735
2019,Sep - Nov,2019_Sep - Nov,01/octubre/2019,,15488.454000000462,,9722.04733163105,,9045.362864871226,,676.6844667598255,,589.002233064288,,87.6822336955374,,5766.406668369412,,82.76620378592591,,779.9271002008198,,4903.7133643826655,,6.9603082938940934,,58.400682630241576,,62.769643320313065
2019,Oct - Dic,2019_Oct - Dic,01/noviembre/2019,,15515.852999999968,,9777.751505886585,,9087.132384045819,,690.6191218407658,,594.4596257999591,,96.15949604080672,,5738.101494113383,,82.597660662821,,764.549668129316,,4890.9541653212455,,7.063169087749739,,58.566759971532576,,63.01781478521744
2019,Nov - Ene,2019_Nov - Ene,01/diciciembre/2019,,15543.05400000008,,9848.686063703433,,9115.641039495109,,733.0450242083235,,634.8830793859778,,98.16194482234577,,5694.367936296647,,71.66952557747359,,1032.4538882385639,,4590.244522480609,,7.443074329578887,,58.64768300679558,,63.36390559862548
2020,Dic - Feb,2020_Dic - Feb,01/enero/2020,,15570.35200000026,,9831.24502702146,,9063.373737067286,,767.8712899541753,,666.7137842064807,,101.1575057476945,,5739.1069729788005,,70.65973188561922,,1244.1273550578642,,4424.319886035318,,7.810519296830247,,58.20917688352283,,63.14080135774256
2020,Ene - Mar,2020_Ene - Mar,01/febrero/2020,,15597.572016866292,,9744.229315469152,,8942.424519777991,,801.8047956911606,,703.2989854683528,,98.50581022280782,,5853.3427013971395,,73.19560064174206,,1460.5282965703263,,4319.618804185071,,8.228509097361655,,57.33215727491549,,62.472731684984815
2020,Feb - Abr,2020_Feb - Abr,01/marzo/2020,,15624.834029417336,,9050.657950137123,,8235.930792019513,,814.7271581176113,,734.8042966736014,,79.92286144401,,6574.1760792802115,,58.44123368418546,,1718.3978075108337,,4797.337038085192,,9.001855584491155,,52.710516966218535,,57.92482616517515
2020,Mar - May,2020_Mar - May,01/abril/2020,,15652.08200122385,,8390.883210005266,,7450.522564524233,,940.3606454810342,,878.8128720737742,,61.54777340725993,,7261.198791218583,,38.998942730194884,,1945.1301554978597,,5277.069692990528,,11.206932833479922,,47.60084034789538,,53.60873530658207
2020,Abr - Jun,2020_Abr - Jun,01/mayo/2020,,15679.416002601174,,8136.698717024123,,7142.568285183358,,994.1304318407645,,936.3886551061828,,57.74177673458175,,7542.717285577052,,34.92551478512461,,2017.7585457272316,,5490.033225064696,,12.217859680127779,,45.5537902942203,,51.89414398899975
2020,May - Jul,2020_May - Jul,01/junio/2020,,15706.605000002644,,8138.639423575981,,7073.192524933769,,1065.4468986422119,,994.1682228557743,,71.27867578643763,,7567.9655764266645,,43.333217291682445,,1970.988065215759,,5553.644293919223,,13.09121639614392,,45.03323617632568,,51.816668360696724
2020,Jun - Ago,2020_Jun - Ago,01/julio/2020,,15729.26500000044,,8257.209767212475,,7191.413598254215,,1065.7961689582596,,993.5053852129454,,72.29078374531404,,7472.055232787966,,41.09013867384332,,1852.570857953995,,5578.394236160128,,12.907461467072046,,45.71995956743061,,52.49583987053587
2020,Jul - Sep,2020_Jul - Sep,01/agosto/2020,,15746.866000039261,,8402.63733753692,,7365.055254032671,,1037.5820835042487,,965.6913329208095,,71.89075058343924,,7344.228662502343,,51.47364713960721,,1767.4152026243794,,5525.339812738356,,12.348290683320114,,46.771562379551,,53.360696264996285
2020,Ago - Oct,2020_Ago - Oct,01/septiembre/2020,,15764.525000052416,,8671.570473072707,,7667.659398293853,,1003.9110747788518,,939.2158112007924,,64.69526357805955,,7092.95452697971,,62.097614855075236,,1526.463290064588,,5504.393622060046,,11.577038760121193,,48.6386960486812,,55.00686175475553
2020,Sep - Nov,2020_Sep - Nov,01/octubre/2020,,15782.138000001822,,8871.076017364638,,7916.723621086744,,954.3523962778942,,879.2220392350353,,75.13035704285879,,6911.061982637184,,81.18191401239324,,1334.2697637523352,,5495.610304872455,,10.758022977255548,,50.16255478874808,,56.20959604689564
2020,Oct - Dic,2020_Oct - Dic,01/noviembre/2020,,15799.928000012356,,8946.480056146329,,8026.216600751453,,920.2634553948762,,837.05973204304,,83.2037233518362,,6853.447943866027,,79.25564325068422,,1244.7254515535403,,5529.466849061803,,10.286318749044158,,50.79907073465889,,56.62354952591766
2020,Nov - Ene,2020_Nov - Ene,01/diciciembre/2020,,15817.719002955686,,9046.633788595025,,8121.419995837445,,925.213792757581,,836.7739177789398,,88.43987497864117,,6771.08521436066,,78.03461683106175,,1225.749246580557,,5467.301350949042,,10.227160890761226,,51.34381255805519,,57.19303641001954
2021,Dic - Feb,2021_Dic - Feb,01/enero/2021,,15835.398000000136,,9105.947625357749,,8167.623309441026,,938.3243159167233,,843.7809134573096,,94.54340245941368,,6729.450374642386,,81.4382062672077,,1238.9492761536997,,5409.062892221479,,10.304521336183932,,51.57826351722235,,57.503749671196594
2021,Ene - Mar,2021_Ene - Mar,01/febrero/2021,,15853.046004307873,,9089.293742438922,,8148.20556852602,,941.0881739129014,,852.5542100789677,,88.5339638339337,,6763.752261868952,,76.67599723231207,,1211.0153652254087,,5476.060899411232,,10.353809664208082,,51.398359446581075,,57.33468344171219
2021,Feb - Abr,2021_Feb - Abr,01/marzo/2021,,15870.679000032847,,9029.103295141844,,8104.128806984133,,924.9744881577116,,837.2209274071017,,87.75356075060976,,6841.575704891004,,71.70915941593204,,1210.926007816006,,5558.940537659066,,10.244367108474647,,51.06352920985523,,56.8917265299308
2021,Mar - May,2021_Mar - May,01/abril/2021,,15888.394000000064,,8938.271751650158,,8041.110471410365,,897.1612802397946,,821.5865917814398,,75.57468845835479,,6950.122248349905,,56.778982505205185,,1185.4907285430452,,5707.852537301654,,10.037301451191201,,50.60996392341688,,56.25660939456891
2021,Abr - Jun,2021_Abr - Jun,01/mayo/2021,,15906.102000000028,,8884.949607084207,,8041.191414557188,,843.758192527019,,776.8907982987582,,66.86739422826075,,7021.152392915821,,58.0669425858181,,1192.1293903987098,,5770.956059931294,,9.496488217043662,,50.55412956962789,,55.85874909568788
2021,May - Jul,2021_May - Jul,01/junio/2021,,15923.83500000003,,8948.327795689102,,8148.94779488924,,799.3800007998632,,736.7762287457862,,62.60377205407704,,6975.507204310927,,59.85731209841802,,1095.0900134112499,,5820.5598788012585,,8.933289202759962,,51.17453047516018,,56.19455235305494
2021,Jun - Ago,2021_Jun - Ago,01/julio/2021,,15939.249000000056,,9030.678447699904,,8258.77524341763,,771.9032042822741,,709.3931789484421,,62.51002533383206,,6908.5705523001525,,67.5641432559055,,994.487270965266,,5846.519138078981,,8.547566041163567,,51.81408009510109,,56.65686286537009
2021,Jul - Sep,2021_Jul - Sep,01/agosto/2021,,15952.365008708995,,9111.08184764209,,8345.239735488289,,765.8421121538009,,703.7797950444382,,62.06231710936269,,6841.2831610669045,,67.662059416947,,907.1853944338451,,5866.435707216113,,8.405611155298727,,52.313495402921816,,57.11430150117558
2021,Ago - Oct,2021_Ago - Oct,01/septiembre/2021,,15965.393013944495,,9199.519709015307,,8456.511253556706,,743.0084554586007,,675.3302786420853,,67.67817681651533,,6765.87330492919,,72.30869203604551,,863.9025136654368,,5829.662099227708,,8.076600506985928,,52.967761245655645,,57.621630115715035
2021,Sep - Nov,2021_Sep - Nov,01/octubre/2021,,15978.363002843855,,9255.049819035166,,8558.36214876742,,696.6876702677472,,630.3664306899279,,66.32123957781928,,6723.313183808687,,73.25389727262926,,844.3112810638872,,5805.748005472171,,7.527649055274091,,53.56219624778953,,57.922390531420135
2021,Oct - Dic,2021_Oct - Dic,01/noviembre/2021,,15991.432001529845,,9350.583819040077,,8678.286805695405,,672.2970133446706,,604.3325369298865,,67.96447641478417,,6640.848182489769,,73.60805681823851,,847.8446560518629,,5719.395469619667,,7.189893447890489,,54.26835323356397,,58.47246086620347
2021,Nov - Ene,2021_Nov - Ene,01/diciciembre/2021,,16004.483009143998,,9396.126199466413,,8712.89018845233,,683.2360110140838,,611.2475164543629,,71.98849455972092,,6608.356809677587,,76.98260045228659,,858.6355316715884,,5672.7386775537125,,7.271464819756076,,54.44031015231362,,58.70933909016637
2022,Dic - Feb,2022_Dic - Feb,01/enero/2022,,16017.428000000014,,9479.464381923139,,8768.644667199971,,710.8197147231664,,632.0393375916259,,78.78037713154066,,6537.963618076876,,74.77793303075772,,889.5536483336458,,5573.632036712473,,7.498521921540882,,54.74439883357031,,59.1821881885352
2022,Ene - Mar,2022_Ene - Mar,01/febrero/2022,,16030.541001579797,,9541.602350511712,,8797.56106426903,,744.0412862426805,,655.6505124088183,,88.3907738338623,,6488.938651068086,,80.55645063568551,,850.8200454853562,,5557.562154947043,,7.797865168870488,,54.880001014326574,,59.52139949345062
2022,Feb - Abr,2022_Feb - Abr,01/marzo/2022,,16043.616002089262,,9577.493269840861,,8835.47763227229,,742.0156375685707,,660.6502415227411,,81.36539604582946,,6466.1227322484,,75.07283582883649,,793.7741650229705,,5597.275731396593,,7.747493176582519,,55.071609985689626,,59.69659999711811
2022,Mar - May,2022_Mar - May,01/abril/2022,,16056.61202144756,,9604.618341814925,,8855.075870598539,,749.5424712163841,,673.5560201555851,,75.98645106079886,,6451.993679632635,,69.72222570503452,,779.8461731592918,,5602.425280768309,,7.803979757874979,,55.14909283957541,,59.817216290619655
2022,Abr - Jun,2022_Abr - Jun,01/mayo/2022,,16069.655000000606,,9587.345015051043,,8838.432075824467,,748.912939226575,,680.5537926194418,,68.35914660713323,,6482.309984949564,,61.794784434659796,,799.2145664693742,,5621.3006340455295,,7.811473750562505,,55.000758111011926,,59.661175146888226
2022,May - Jul,2022_May - Jul,01/junio/2022,,16082.690000000364,,9610.900418561801,,8849.831326644944,,761.069091916858,,693.7880402977398,,67.2810516191182,,6471.789581438564,,59.19852310568264,,829.0835906272644,,5583.507467705616,,7.9188115449306276,,55.027059071863874,,59.7592841655319
2022,Jun - Ago,2022_Jun - Ago,01/julio/2022,,16095.411000000064,,9615.76568879987,,8853.293186860883,,762.472501938987,,696.5884937276724,,65.88400821131454,,6479.645311200192,,60.042478570366875,,811.3689224595446,,5608.233910170281,,7.9293997650867265,,55.00507683128345,,59.74228113093746
2022,Jul - Sep,2022_Jul - Sep,01/agosto/2022,,16107.712000000967,,9616.731791332697,,8843.544208188978,,773.1875831437217,,708.3716502383164,,64.81593290540525,,6490.9802086682685,,63.21913904578416,,825.553322376643,,5602.207747245841,,8.040024406634434,,54.90254735240142,,59.702655419541394
2022,Ago - Oct,2022_Ago - Oct,01/septiembre/2022,,16120.185000013344,,9637.256270129312,,8869.323011241691,,767.933258887621,,703.1580901882439,,64.77516869937703,,6482.928729884032,,67.16199408068653,,834.5436680958956,,5581.22306770745,,7.968380598820756,,55.019982780807716,,59.78378207273263
2022,Sep - Nov,2022_Sep - Nov,01/octubre/2022,,16132.437000011885,,9650.164980646025,,8883.09043404208,,767.0745466039468,,701.2935388740265,,65.78100772992035,,6482.27201936586,,71.28794651251687,,853.9481511889187,,5557.035921664425,,7.948823135587422,,55.06353710871789,,59.81839557556565
2022,Oct - Dic,2022_Oct - Dic,01/noviembre/2022,,16144.885000043008,,9730.299380729035,,8965.230379936158,,765.0690007928746,,689.1566772893149,,75.91232350355966,,6414.585619313974,,64.86439193219529,,875.3811356548289,,5474.340091726949,,7.862748830812978,,55.529849732049975,,60.268619941877034
2022,Nov - Ene,2022_Nov - Ene,01/diciciembre/2022,,16157.31500006229,,9795.86332258435,,9008.545855793416,,787.3174667909328,,705.2989896616627,,82.01847712927008,,6361.451677477942,,63.75627681853362,,900.2592285492868,,5397.43617211012,,8.03724430266165,,55.7552158620333,,60.62803951366044
2023,Dic - Feb,2023_Dic - Feb,01/enero/2023,,16169.76600034,,9854.773632485514,,9030.161591210986,,824.6120412745286,,738.0922515912646,,86.51978968326398,,6314.992367854485,,67.64169315324474,,921.8776996790574,,5325.472975022183,,8.3676406179058,,55.84596333070688,,60.94567869614378
2023,Ene - Mar,2023_Ene - Mar,01/febrero/2023,,16182.118000352551,,9876.07716787254,,9006.14500812683,,869.9321597457093,,789.0642841943979,,80.86787555131131,,6306.040832480013,,62.12426605671646,,892.3286851405852,,5351.587881282711,,8.80847876093607,,55.65492111681931,,61.0308067686651
2023,Feb - Abr,2023_Feb - Abr,01/marzo/2023,,16194.58801030127,,9860.631057446872,,9006.72911416663,,853.9019432802405,,781.3729948639824,,72.5289484162581,,6333.956952854398,,57.237707344850634,,854.5811977706265,,5422.138047738921,,8.659708879741151,,55.6156730164269,,60.88843415574752
2023,Mar - May,2023_Mar - May,01/abril/2023,,16206.90800522768,,9876.146365676685,,9034.230792841201,,841.9155728354823,,774.4002214856948,,67.51535134978744,,6330.761639550996,,50.21257398354009,,840.0634346097956,,5440.48563095766,,8.524737702971423,,55.743086774646535,,60.937881318824324
2023,Abr - Jun,2023_Abr - Jun,01/mayo/2023,,16219.348003669682,,9877.419273581538,,9035.113983517234,,842.3052900643028,,773.3215747676132,,68.98371529668957,,6341.928730088142,,56.433598176323606,,875.4229735550367,,5410.072158356783,,8.527584652776252,,55.705777947874424,,60.89899095417856
2023,May - Jul,2023_May - Jul,01/junio/2023,,16231.718000211575,,9896.817253390727,,9028.647260110885,,868.1699932798434,,795.6491087830227,,72.52088449682073,,6334.900746820846,,66.72027172279772,,904.2629039918253,,5363.9175711062235,,8.772214046716904,,55.623485203434406,,60.972087201500955
2023,Jun - Ago,2023_Jun - Ago,01/julio/2023,,16244.30100140841,,9895.618127826163,,9005.442828741941,,890.1752990842217,,814.665088339943,,75.51021074427858,,6348.682873582245,,68.46540111164289,,925.2496345772506,,5354.967837893352,,8.995651283077274,,55.43755208648962,,60.9174757779248
2023,Jul - Sep,2023_Jul - Sep,01/agosto/2023,,16256.834004568376,,9906.411493811891,,9023.452188197074,,882.9593056148158,,811.3219122982237,,71.63739331659211,,6350.422510756484,,70.7922668040612,,921.1384667043671,,5358.491777248056,,8.9130085719371,,55.50559343634419,,60.9369050027088
2023,Ago - Oct,2023_Ago - Oct,01/septiembre/2023,,16269.360000028048,,9935.943268357207,,9052.988742141175,,882.9545262160333,,813.1923771221844,,69.76214909384882,,6333.416731670841,,65.6379913845898,,886.7658059569563,,5381.012934329295,,8.88646907866272,,55.644406062227205,,61.07150661329073
2023,Sep - Nov,2023_Sep - Nov,01/octubre/2023,,16281.8850000092,,10012.773356842643,,9138.416721304227,,874.3566355384162,,799.1958444688939,,75.16079106952218,,6269.111643166558,,67.76384562427977,,864.3860369850863,,5336.961760557191,,8.732412133756014,,56.126282192136,,61.49640141075179
2023,Oct - Dic,2023_Oct - Dic,01/noviembre/2023,,16294.474000009119,,10077.245924915209,,9223.13490416149,,854.1110207537197,,768.3828077614811,,85.72821299223858,,6217.22807509391,,62.22423019122443,,886.6879898891966,,5268.315855013489,,8.47563934747287,,56.60283912298322,,61.8445610757952
2023,Nov - Ene,2023_Nov - Ene,01/diciciembre/2023,,16306.89400010891,,10127.767500080323,,9273.426397283538,,854.3411027967873,,759.3420181479586,,94.99908464882867,,6179.126500028586,,64.55244472639329,,954.8031960581003,,5159.770859244092,,8.435631078517664,,56.868134405127066,,62.10727499677549
2024,Dic - Feb,2024_Dic - Feb,01/enero/2024,,16319.447000010932,,10174.90842793951,,9309.608094348869,,865.3003335906415,,771.4259106662395,,93.87442292440203,,6144.538572071421,,65.62015533970778,,1004.133344322225,,5074.785072409488,,8.504256718562635,,57.04610024066766,,62.34836528426909
2024,Ene - Mar,2024_Ene - Mar,01/febrero/2024,,16332.017000005675,,10193.230625390199,,9308.684701036518,,884.5459243536793,,793.1778846721462,,91.36803968153306,,6138.786374615477,,69.30902176140678,,979.2243456187533,,5090.253007235317,,8.677777996608596,,56.99654060507826,,62.41256438434185
2024,Feb - Abr,2024_Feb - Abr,01/marzo/2024,,16344.540000001969,,10209.53411729836,,9339.295510876927,,870.238606421434,,785.1264774443506,,85.11212897708349,,6135.005882703607,,57.51294175514804,,919.7963237979586,,5157.6966171505,,8.523783714547358,,57.140155127497025,,62.464493447335514
2024,Mar - May,2024_Mar - May,01/abril/2024,,16357.075000009354,,10177.70762385476,,9331.646959264002,,846.0606645907566,,766.4194134126435,,79.64125117811307,,6179.367376154595,,48.28127558712271,,865.9229651207895,,5265.163135446683,,8.312880423168561,,57.04960672527739,,62.222051459988656
2024,Abr - Jun,2024_Abr - Jun,01/mayo/2024,,16369.690000008693,,10170.424862338448,,9321.379687816328,,849.0451745221178,,779.9715544787318,,69.07362004338603,,6199.265137670245,,43.60191842361283,,858.7066153009073,,5296.956603945725,,8.348178035965551,,56.9429212636976,,62.1296118761751
2024,May - Jul,2024_May - Jul,01/junio/2024,,16382.117000000299,,10137.870129189134,,9257.479666746289,,880.3904624428445,,812.6718343628899,,67.71862807995464,,6244.2468708111655,,42.74319474849816,,903.8134998537444,,5297.690176208923,,8.684175780749143,,56.50966640481276,,61.88376098882061
2024,Jun - Ago,2024_Jun - Ago,01/julio/2024,,16394.524002384584,,10137.428990574472,,9235.06376362335,,902.365226951123,,833.1300930045239,,69.23513394659909,,6257.095011810113,,40.226102719990976,,931.6013575809438,,5285.267551509178,,8.9013222957233,,56.3301731863646,,61.83423799983447
2024,Jul - Sep,2024_Jul - Sep,01/agosto/2024,,16406.966002009085,,10128.900227133478,,9243.399872209944,,885.5003549235333,,810.8504911375953,,74.64986378593805,,6278.06577487561,,40.72815093464304,,957.4659729821853,,5279.871650958781,,8.742314911459385,,56.33826431454821,,61.735364270841785
2024,Ago - Oct,2024_Ago - Oct,01/septiembre/2024,,16419.40400000014,,10117.0338867147,,9248.984298406742,,868.0495883079583,,793.2823855774051,,74.76720273055317,,6302.3701132854385,,48.451393550277736,,949.2464258963889,,5304.672293838771,,8.580079873487897,,56.3295981900845,,61.61632838021779
2024,Sep - Nov,2024_Sep - Nov,01/octubre/2024,,16431.77100001485,,10117.367779533093,,9285.957971334625,,831.4098081984697,,756.9046596066381,,74.50514859183151,,6314.403220481756,,58.91106761048653,,953.5127943586899,,5301.97935851258,,8.217649356192904,,56.512216311475086,,61.57198624252948
2024,Oct - Dic,2024_Oct - Dic,01/noviembre/2024,,16444.212000007814,,10124.055733289759,,9306.059356852,,817.9963764377595,,737.8808535608907,,80.11552287686878,,6320.156266718053,,59.72373555079676,,967.0377302476037,,5293.394800919653,,8.079730080387021,,56.591701425690566,,61.56607402826568
2024,Nov - Ene,2024_Nov - Ene,01/diciciembre/2024,,16456.583015828983,,10213.54482587367,,9394.111561911344,,819.4332639623274,,727.1072265987524,,92.32603736357494,,6243.038189955313,,64.90072073775036,,984.4696730346237,,5193.667796182939,,8.023005508200065,,57.08421701440386,,62.06358158342857
2025,Dic - Feb,2025_Dic - Feb,01/enero/2025,,16468.905000000013,,10256.60434546075,,9396.873677115214,,859.7306683455358,,762.9821668370599,,96.74850150847597,,6212.300654539263,,63.36695992688753,,1002.0438497360253,,5146.88984487635,,8.382215393986856,,57.05827847762318,,62.2786053199089
2025,Ene - Mar,2025_Ene - Mar,01/febrero/2025,,16481.3830061171,,10284.510604122628,,9388.83786314521,,895.6727409774178,,802.990110802261,,92.68263017515679,,6196.87240199447,,61.175135120572655,,974.0365153994982,,5161.6607514744,,8.708948587387136,,56.96632290906973,,62.40077425726659
2025,Feb - Abr,2025_Feb - Abr,01/marzo/2025,,16493.767015711594,,10267.025210080134,,9359.307448620302,,907.7177614598313,,817.6225360626884,,90.09522539714288,,6226.74180563146,,52.49238703919011,,948.383390131327,,5225.866028460942,,8.841098009271827,,56.74451106108651,,62.247909772825075
2025,Mar - May,2025_Mar - May,01/abril/2025,,16506.18501049915,,10264.135166513532,,9346.212153733872,,917.9230127796611,,830.0352641850994,,87.8877485945618,,6242.049843985619,,45.655785000312854,,928.5796443738742,,5267.814414611432,,8.943013686865314,,56.62248513383917,,62.183570340359
2025,Abr - Jun,2025_Abr - Jun,01/mayo/2025,,16518.55300000007,,10231.361085082226,,9321.520870576047,,909.8402145061785,,827.5020850048904,,82.3381295012881,,6287.191914917846,,44.77354403665067,,944.9689036582805,,5297.449467222914,,8.89266058484404,,56.43061393195885,,61.93860373291887
2025,May - Jul,2025_May - Jul,01/junio/2025,,16530.958000007144,,10219.282162384605,,9330.308924346175,,888.9732380384291,,816.8582190526682,,72.11501898576104,,6311.675837622538,,45.89116975439179,,950.849062556095,,5314.935605312051,,8.698979281642547,,56.44142901060025,,61.81905587310904
2025,Jun - Ago,2025_Jun - Ago,01/julio/2025,,16543.18200000012,,10230.984900653932,,9355.097113499525,,875.8877871544058,,804.407868006507,,71.47991914789894,,6312.19709934619,,49.34065007177,,937.0243552037265,,5325.8320940706935,,8.561128724746938,,56.54956291661095,,61.84411741739804
2025,Jul - Sep,2025_Jul - Sep,01/agosto/2025,,16555.26400000084,,10252.005308710735,,9377.616976894937,,874.3883318157984,,799.7588510765273,,74.62948073927117,,6303.258691290103,,51.97625814995554,,943.1408013420222,,5308.141631798125,,8.52894926881148,,56.64432156983098,,61.92595484258189
2025,Ago - Oct,2025_Ago - Oct,01/septiembre/2025,,16567.305000027616,,10252.507521974205,,9386.410345848737,,866.0971761254673,,786.0417383750148,,80.05543775045247,,6314.797478053411,,53.48174892607481,,935.4884122946443,,5325.827316832692,,8.447661942887247,,56.6562295185191,,61.88397884844344
2025,Sep - Nov,2025_Sep - Nov,01/octubre/2025,,16579.31802376791,,10266.464510688202,,9401.582274114744,,864.8822365734575,,778.2988528270328,,86.58338374642469,,6312.853513079709,,53.67015269211674,,943.6075707497548,,5315.575789637838,,8.424343508644544,,56.70668878319813,,61.92332215336194
2025,Oct - Dic,2025_Oct - Dic,01/noviembre/2025,,16591.39100125887,,10302.576938224756,,9473.269601065587,,829.3073371591695,,729.607150023463,,99.70018713570663,,6288.814063034113,,54.260489637744826,,1004.9677659108265,,5229.585807485542,,8.049513652087008,,57.09750074810969,,62.09592033267764
2025,Nov - Ene,2025_Nov - Ene,01/diciciembre/2025,,16603.4950002815,,10361.53140112103,,9503.08788749899,,858.44351362204,,749.1222085904105,,109.32130503162946,,6241.963599160468,,54.95037435042831,,1044.0413967890365,,5142.971828021003,,8.284909637287434,,57.2354669142724,,62.40572482447436
2026,Dic - Feb,2026_Dic - Feb,01/enero/2026,,16615.566000000068,,10354.140364716744,,9491.627178712444,,862.5131860043003,,754.232250019354,,108.28093598494635,,6261.425635283325,,63.7215575096446,,1082.9941351890222,,5114.709942584659,,8.330128389445452,,57.124910332349835,,62.315905246421956
2026,Ene - Mar,2026_Ene - Mar,01/febrero/2026,,16627.65300233267,,10359.302726559234,,9434.192015894752,,925.110710664482,,818.9794265089859,,106.13128415549618,,6268.350275773438,,66.31768306676975,,1021.5072389330355,,5180.525353773633,,8.930241108725188,,56.73796545171614,,62.30165330672911
2026,Feb - Abr,2026_Feb - Abr,01/marzo/2026,,16639.717003021717,,10372.400249177157,,9427.606430057207,,944.7938191199498,,844.2494522675332,,100.54436685241653,,6267.316753844559,,57.76362487301048,,968.4792934334257,,5241.073835538123,,9.108728899994968,,56.65725221375572,,62.33519624939273
2026,Mar - May,2026_Mar - May,01/abril/2026,,16651.701001805934,,10397.68698689444,,9416.371864166123,,981.3151227283163,,879.0166957719209,,102.29842695639542,,6254.014014911492,,42.88661072691341,,930.5106979149252,,5280.616706269654,,9.437821353587541,,56.54900879582744,,62.4421912558169
2026,Abr - Jun,2026_Abr - Jun,01/mayo/2026,,16663.817000695897,,10383.568137902192,,9403.29858276741,,980.2695551347824,,889.848487393695,,90.42106774108741,,6280.2488627937055,,39.990655872987084,,904.0743601982226,,5336.183846722495,,9.440584798173509,,56.429439799865285,,62.31206294133309
2026,May - Jul,2026_May - Jul,01/junio/2026,,16675.90600393753,,10295.061027692698,,9314.017221392536,,981.0438063001621,,893.8727461863892,,87.17106011377285,,6380.844976244832,,45.12732507567043,,949.9137420061694,,5385.803909162992,,9.529266545008825,,55.85314056815446,,61.73614210383423
