año,mes,nombre_mes,estado,índice,var_mensual,var_acum,var_12
2010,1,Enero,R,79.7262070601556,,,
2010,2,Febrero,R,79.7866044034948,0.075755947217826,,
2010,3,Marzo,R,79.6256232432112,-0.201764646443037,,
2010,4,Abril,R,79.977959796406,0.442491422790581,,
2010,5,Mayo,R,80.0870125627043,0.136353523615718,,
2010,6,Junio,R,80.2238337932752,0.170840722100496,,
2010,7,Julio,R,80.2623714073188,0.0480376120429504,,
2010,8,Agosto,R,80.5322305517157,0.336221244981028,,
2010,9,Septiembre,R,80.802709291288,0.33586396119818,,
2010,10,Octubre,R,80.9609039673217,0.19577892551037,,
2010,11,Noviembre,R,81.0722075590888,0.137478197886742,,
2010,12,Diciembre,R,81.7828150830671,0.876511871790786,,
2011,1,Enero,R,82.02116607837,0.291443862699969,0.291443862699969,2.87855035732827
2011,2,Febrero,R,82.2270486939388,0.251011568614024,0.543186989125388,3.05871431512763
2011,3,Marzo,R,81.8894903416066,-0.410519844374646,0.130437254368321,2.84313893717416
2011,4,Abril,R,82.0857109806264,0.239616388136343,0.37036619154236,2.63541504382701
2011,5,Mayo,R,81.6623772580575,-0.515721576278738,-0.147265443097411,1.96706637561201
2011,6,Junio,R,82.0288230225462,0.448732668326279,0.300806397076547,2.24994137518066
2011,7,Julio,R,82.6165578984683,0.716497999441668,1.01945966833543,2.93311354981332
2011,8,Agosto,R,82.7856094751034,0.204621907442326,1.22616761359673,2.79810817103912
2011,9,Septiembre,R,82.9263989550219,0.170065160854893,1.39831805837602,2.62824066465168
2011,10,Octubre,R,82.6724240283914,-0.306265471346812,1.0877700216368,2.11400809180744
2011,11,Noviembre,R,82.7698929390726,0.117897729293293,1.20695020708554,2.09404114072804
2011,12,Diciembre,R,83.266391561335,0.599854131293776,1.81404427905918,1.81404427905918
2012,1,Enero,R,83.9245258125126,0.790396027541029,0.790396027541029,2.3205714148516
2012,2,Febrero,R,83.7271416218142,-0.235192500389425,0.553344574971448,1.82433025592217
2012,3,Marzo,R,84.104516312101,0.450719662676913,1.00655827045011,2.70489651511365
2012,4,Abril,R,84.1193404166995,0.0176258127964068,1.02436149732295,2.47744633235021
2012,5,Mayo,R,84.2936895819963,0.207264066067547,1.23374869668107,3.22218433051953
2012,6,Junio,R,84.7273642224638,0.514480553192076,1.75457664699283,3.28974755516835
2012,7,Julio,R,85.7002013787586,1.14819712051994,2.92291976605086,3.73247634460869
2012,8,Agosto,R,85.9652647247086,0.309291392185407,3.24125149747314,3.84083087600089
2012,9,Septiembre,R,85.6447660987726,-0.372823403687961,2.85634394963021,3.27804797749041
2012,10,Octubre,R,85.3801256829998,-0.308997768138719,2.53852014243676,3.27521744575743
2012,11,Noviembre,R,86.2954712873047,1.07208275577322,3.63781793490889,4.25949366737417
2012,12,Diciembre,R,87.2186523679795,1.06979087882979,4.74652585819477,4.74652585819477
2013,1,Enero,R,87.5429068650423,0.371771964206458,0.371771964206458,4.31147035684567
2013,2,Febrero,R,87.4947471751321,-0.0550126693695918,0.316554773155397,4.49986167010912
2013,3,Marzo,R,87.7230036666128,0.260880222927895,0.578260824881172,4.30236985262964
2013,4,Abril,R,88.4353119086315,0.811997095682915,1.39495338166762,5.13077191351257
2013,5,Mayo,R,88.5191086275779,0.0947548181125857,1.49102998531974,5.01273472134738
2013,6,Junio,R,87.9310064683493,-0.664378763350226,0.816745135391872,3.78111873924685
2013,7,Julio,R,88.1836251722502,0.287291950868096,1.10638352929304,2.89780391823808
2013,8,Agosto,R,88.9160681408137,0.830588408145849,1.94616143078286,3.43255316615911
2013,9,Septiembre,R,88.892635185136,-0.0263540169596066,1.9192945221097,3.79225635646867
2013,10,Octubre,R,88.7668256222226,-0.141529793386674,1.77504835515141,3.96661390707826
2013,11,Noviembre,R,88.8197347784835,0.0596046506000869,1.83571101712157,2.9251401649742
2013,12,Diciembre,R,89.3347297238484,0.579820404383447,2.4261752485478,2.4261752485478
2014,1,Enero,R,89.9363673091405,0.673464381827626,0.673464381827626,2.73404268810484
2014,2,Febrero,R,89.7121852179465,-0.249267451979041,0.422518202344002,2.53436704991652
2014,3,Marzo,R,89.6872500217906,-0.0277946592151634,0.394606105634376,2.23914625933563
2014,4,Abril,R,89.510786609933,-0.196754178341729,0.197075523291823,1.21611455660673
2014,5,Mayo,R,89.4382523995974,-0.0810340441445123,0.115881780880778,1.03835633488651
2014,6,Junio,R,89.4787600017596,0.0452911378245657,0.161225402882414,1.76019085368635
2014,7,Julio,R,90.3378775167709,0.960135695884068,1.12290908141039,2.44291651688484
2014,8,Agosto,R,90.2859290385326,-0.0575046477361618,1.06475870876257,1.54062243907305
2014,9,Septiembre,R,90.0664177161456,-0.243129050921365,0.819040920097991,1.32044969593372
2014,10,Octubre,R,89.4179706614283,-0.719965411260126,0.0931786975091109,0.733545482382048
2014,11,Noviembre,R,89.9045796013442,0.544195910862655,0.637881683033403,1.2214006555709
2014,12,Diciembre,R,91.4897677509873,1.76318954681975,2.41231829300947,2.41231829300947
2015,1,Enero,R,92.1783333177116,0.752614837320786,0.752614837320786,2.49283585233633
2015,2,Febrero,R,91.9980364825173,-0.195595677102167,0.555547078131591,2.54798304045056
2015,3,Marzo,R,92.1573215441626,0.173139631817643,0.729648582114883,2.75409439108887
2015,4,Abril,R,91.4453216090613,-0.772591827942926,-0.0485804511461629,2.16123114587141
2015,5,Mayo,R,91.3537758305375,-0.100109854624619,-0.148641671951766,2.14172725824495
2015,6,Junio,R,91.1092892948224,-0.267626087145623,-0.415869955206882,1.82225289334677
2015,7,Julio,R,91.6684200105027,0.613692324907733,0.195270207704157,1.47285117860427
2015,8,Agosto,R,91.0085265549429,-0.719870000469347,-0.526005484410308,0.800343446764495
2015,9,Septiembre,R,91.1570104600743,0.16315383926333,-0.363709843289528,1.21087611962736
2015,10,Octubre,R,90.8885922544608,-0.294457008033444,-0.657095882200498,1.64465999636787
2015,11,Noviembre,R,91.2961841767936,0.44845223390817,-0.211590409454976,1.54786839738319
2015,12,Diciembre,R,92.205103754492,0.995572362518748,0.781875417425493,0.781875417425493
2016,1,Enero,R,93.0842206060314,0.953436215288228,0.953436215288228,0.982755117948897
2016,2,Febrero,R,92.6103390694667,-0.509089009371799,0.43949336693303,0.665560494941353
2016,3,Marzo,R,92.9927788680648,0.412955834565354,0.85426411499967,0.906555561623867
2016,4,Abril,R,92.4246737338006,-0.610913171086325,0.238132131918944,1.07097017923576
2016,5,Mayo,R,92.2657618061114,-0.171936693168007,0.0657860022379442,0.9983013480096
2016,6,Junio,R,92.2136613819079,-0.0564677765442223,0.0092810778009822,1.21213994273606
2016,7,Julio,R,92.4269766885878,0.231327227965061,0.240629775426049,0.827500548169291
2016,8,Agosto,R,92.8859609548025,0.496591236302324,0.738415958105088,2.06292143267057
2016,9,Septiembre,R,92.8822917253429,-0.00395025192383436,0.734436536890648,1.89264792313948
2016,10,Octubre,R,92.9126868518116,0.0327243502545649,0.767401226729958,2.22700621402951
2016,11,Noviembre,R,93.0605809691154,0.159175374553167,0.927798115060097,1.93260737919234
2016,12,Diciembre,R,94.015589078499,1.02622195073183,1.96354133370715,1.96354133370715
2017,1,Enero,R,94.5223881601914,0.539058561095906,0.539058561095906,1.54501756022312
2017,2,Febrero,R,93.9493294699249,-0.60626768051536,-0.0704772572544199,1.44583252141406
2017,3,Marzo,R,94.3650582627843,0.442503203806832,0.371714082431107,1.47568382343588
2017,4,Abril,R,93.8871354041036,-0.506461679226511,-0.13663018617921,1.58232819356776
2017,5,Mayo,R,93.9223921883592,0.03755230586584,-0.0991291880987899,1.79549851409568
2017,6,Junio,R,94.6471408214753,0.771646266912174,0.67175215213402,2.63895761549797
2017,7,Julio,R,95.3491491555668,0.741711083925534,1.41844569622842,3.16160126802008
2017,8,Agosto,R,95.6320599773319,0.296710378929044,1.71936475075765,2.95641988767883
2017,9,Septiembre,R,95.9086538553818,0.289227146330973,2.01356476669226,3.25827676494894
2017,10,Octubre,R,95.6265818786603,-0.294104823061014,1.71353795253695,2.92090899402913
2017,11,Noviembre,R,96.101911247972,0.497068241877452,2.21912364738899,3.2681187321042
2017,12,Diciembre,R,96.6608256700123,0.581585126437423,2.81361486689686,2.81361486689686
2018,1,Enero,R,96.9731091852475,0.323071433613964,0.323071433613964,2.59274133118892
2018,2,Febrero,R,96.565138824891,-0.420704630164226,-0.0989923730302156,2.78427676889748
2018,3,Marzo,R,96.8616362047148,0.307043911945848,0.207747588860929,2.64565930217318
2018,4,Abril,R,96.8296693595448,-0.0330025863928829,0.174676440390575,3.13411836752304
2018,5,Mayo,R,96.4303467499014,-0.41239695672266,-0.238440876656376,2.67024135896432
2018,6,Junio,R,96.4894021813399,0.0612415421378243,-0.177345359388503,1.94645220539684
2018,7,Julio,R,96.6361773367236,0.152115312216194,-0.0254998166194342,1.34980562758562
2018,8,Agosto,R,96.5197566130839,-0.12047322943467,-0.145942325601522,0.928241675398822
2018,9,Septiembre,R,97.1192349722021,0.621093939887674,0.474245175346111,1.26222303009864
2018,10,Octubre,R,96.7139785753,-0.417277171734398,0.0549890867569403,1.13712806133706
2018,11,Noviembre,R,97.2432340347608,0.54723781118029,0.602527819011978,1.18761715762743
2018,12,Diciembre,R,97.8170965526048,0.5901310497745,1.19621457253001,1.19621457253001
2019,1,Enero,R,98.4820922825607,0.679835891058467,0.679835891058467,1.55608406288246
2019,2,Febrero,R,98.5775857732492,0.09696533499155,0.777460431199173,2.08403050298265
2019,3,Marzo,R,98.9950175943511,0.423455106784631,1.20420773388297,2.2025039770414
2019,4,Abril,R,99.3516841953268,0.360287426218986,1.56883376915269,2.60458891625179
2019,5,Mayo,R,98.6769869966305,-0.679099910747161,0.879079909679437,2.32980625129959
2019,6,Junio,R,98.527762964807,-0.151224754996471,0.726525768243347,2.11252296872582
2019,7,Julio,R,98.9605350873578,0.439238758222271,1.16895570922821,2.40526665550422
2019,8,Agosto,R,98.9852820395585,0.0250068900485179,1.19425491874565,2.55442565645716
2019,9,Septiembre,R,99.1742638711125,0.190919122176658,1.38745410192973,2.11598546827376
2019,10,Octubre,R,98.3775277079223,-0.803369878525839,0.572937835070619,1.72007103536442
2019,11,Noviembre,R,98.5483854733369,0.173675603967083,0.747608492283103,1.34215141190133
2019,12,Diciembre,R,99.348098960415,0.811493240845085,1.56516852551105,1.56516852551105
2020,1,Enero,R,99.6366236959973,0.290417973369839,0.290417973369839,1.17232624396726
2020,2,Febrero,R,99.1114851360468,-0.527053748381401,-0.238166433826181,0.541603203821306
2020,3,Marzo,R,99.8758942632814,0.77126190389063,0.531258583092487,0.889819195285035
2020,4,Abril,R,98.6368120218823,-1.24062192437826,-0.715954251742756,-0.71953704583313
2020,5,Mayo,R,98.5348014302171,-0.103420406209564,-0.818634215156888,-0.14409192126863
2020,6,Junio,R,98.6494251245997,0.116328132516519,-0.70325838453501,0.123480079250538
2020,7,Julio,R,99.284295994677,0.643562665748365,-0.0642216271932505,0.327161637751305
2020,8,Agosto,R,99.365789145782,0.082080605284629,0.0178062645910693,0.384407760813876
2020,9,Septiembre,R,99.7287360955061,0.365263490426826,0.383134794801454,0.559088822795983
2020,10,Octubre,R,99.3934449785439,-0.336203114658007,0.045643569029985,1.03267208913591
2020,11,Noviembre,R,100.343176027344,0.955526844858556,1.00160655044357,1.82122776074536
2020,12,Diciembre,R,100.366954272748,0.0236969232445761,1.02554082362363,1.02554082362363
2021,1,Enero,R,100.821407204769,0.452791394651197,0.452791394651197,1.18910443250884
2021,2,Febrero,R,100.396943340252,-0.421005693418441,0.0298794236819777,1.29698208279345
2021,3,Marzo,R,101.310536353708,0.909980904856988,0.940132225588952,1.4364247759775
2021,4,Abril,R,101.022770761665,-0.284043103906084,0.653418740928502,2.4189333483869
2021,5,Mayo,R,100.374943971103,-0.641268088053371,0.00796048700819618,1.86750520037282
2021,6,Junio,R,100.697067923078,0.320920679235437,0.328906713092625,2.07567636191663
2021,7,Julio,R,101.205625725121,0.505037348685722,0.835605163521791,1.93517989042962
2021,8,Agosto,R,100.913048284554,-0.289092072175234,0.544097423064138,1.55713465577365
2021,9,Septiembre,R,100.092515643557,-0.813108567172582,-0.273435246869158,0.364769034777312
2021,10,Octubre,R,99.3300647704896,-0.76174613872515,-1.03309850315937,-0.0637669899338
2021,11,Noviembre,R,99.5595839508602,0.231067180818711,-0.804418473926982,-0.780912173110737
2021,12,Diciembre,R,100.058343360579,0.500965743253001,-0.307482591660757,-0.307482591660757
2022,1,Enero,R,100.681085652285,0.622379174780185,0.622379174780185,-0.139178331639467
2022,2,Febrero,R,100.227622339281,-0.450395732292874,0.169180273245439,-0.168651549874921
2022,3,Marzo,R,99.566841798293,-0.65927987271982,-0.491214970964504,-1.72113841084355
2022,4,Abril,R,98.8107414610928,-0.75938969595104,-1.24687443104107,-2.18963436054539
2022,5,Mayo,R,98.6904890297623,-0.121699756071481,-1.36705674397145,-1.67816277120519
2022,6,Junio,R,98.5157051095743,-0.177103104773657,-1.54173874880752,-2.16626249253826
2022,7,Julio,R,98.3251765173032,-0.193399206815947,-1.7321562451121,-2.84613546646199
2022,8,Agosto,R,98.2463603850744,-0.0801586480904115,-1.81092642017362,-2.64256005027224
2022,9,Septiembre,R,97.7637391721895,-0.491235717021243,-2.29326621980999,-2.32662398021928
2022,10,Octubre,R,97.6918699642585,-0.0735131537926259,-2.36509352127957,-1.64924367060096
2022,11,Noviembre,R,97.2901745714559,-0.411186102742778,-2.76655468814598,-2.27944843614896
2022,12,Diciembre,R,98.3444806077369,1.08367164610923,-1.71286341076631,-1.71286341076631
2023,1,Enero,R,99.6505200839675,1.32802519079844,1.32802519079844,-1.02359401633503
2023,2,Febrero,R,99.5435324819837,-0.107362813454159,1.21923657213607,-0.682536252313803
2023,3,Marzo,R,99.6424237263912,0.099344720788741,1.31979254009316,0.0759107417018789
2023,4,Abril,R,99.6318392015477,-0.0106225084131828,1.30902983660637,0.830980243962864
2023,5,Mayo,R,100.139272676546,0.509308549420218,1.82500538689889,1.46800736426249
2023,6,Junio,R,100.964879142271,0.824458220694413,2.66451001453369,2.48607471262867
2023,7,Julio,R,101.001154498432,0.0359286877462228,2.70139602576303,2.72155929530162
2023,8,Agosto,R,100.784312143321,-0.21469294701425,2.48090337201055,2.58325270096382
2023,9,Septiembre,R,101.283181646485,0.494987257992219,2.98817078557732,3.59994667153307
2023,10,Octubre,R,101.11748036673,-0.163601969311744,2.81968011001397,3.506546044952
2023,11,Noviembre,R,100.524409035607,-0.586517117487129,2.21662508602323,3.32431766969021
2023,12,Diciembre,R,101.869795032837,1.33836747724965,3.58465915251678,3.58465915251678
2024,1,Enero,R,102.421590660033,0.541667554173286,0.541667554173286,2.78078887468969
2024,2,Febrero,R,101.769733730954,-0.636444840270911,-0.098224701297589,2.23640973297083
2024,3,Marzo,R,102.065902485606,0.291018502057816,0.192507948705845,2.43217564224378
2024,4,Abril,R,101.957429639314,-0.106277261700372,0.0860260948290392,2.3341839881748
2024,5,Mayo,R,102.108745659472,0.148410979653479,0.234564746652599,1.96673386003829
2024,6,Junio,R,103.425187194817,1.28925443833723,1.52684332139683,2.43679591700265
2024,7,Julio,R,104.317702658141,0.862957551764176,2.4029768829066,3.28367351460379
2024,8,Agosto,R,104.450164153052,0.1269789225953,2.53300707965805,3.63732403562826
2024,9,Septiembre,R,105.068166748439,0.591672210760241,3.13966638940522,3.73703219075909
2024,10,Octubre,R,104.174909345901,-0.850169399716383,2.26280450679293,3.02364039143637
2024,11,Noviembre,R,104.170552652551,-0.00418209468809883,2.25852777947775,3.62712265799257
2024,12,Diciembre,R,105.105781532344,0.897786232269393,3.17659076320327,3.17659076320327
2025,1,Enero,R,105.676333151108,0.542835618027215,0.542835618027215,3.17778943882874
2025,2,Febrero,R,105.362859484473,-0.296635639491949,0.244589734628331,3.5306427773691
2025,3,Marzo,R,105.361686549471,-0.00111323383581441,0.243473777936831,3.22907453282968
2025,4,Abril,R,105.505518441571,0.136512518744247,0.38031866886783,3.47997082194873
2025,5,Mayo,R,105.63669767195,0.124333999127546,0.505125533405781,3.45509289110657
2025,6,Junio,R,106.799631088917,1.10088013218532,1.61156649223098,3.26269063235456
2025,7,Julio,R,106.393825057573,-0.379969506642353,1.22547352433888,1.99019183372526
2025,8,Agosto,R,106.562228156714,0.158282775386942,1.38569601323177,2.02207820426905
2025,9,Septiembre,R,106.542105181178,-0.0188837788814733,1.36655056257919,1.4028401544949
2025,10,Octubre,R,106.692576581166,0.141231862963309,1.50971243036038,2.41676930757391
2025,11,Noviembre,R,106.74946554133,0.053320448326688,1.56383786412337,2.47566401743189
2025,12,Diciembre,R,107.756560528167,0.943419230935172,2.52201064220934,2.52201064220934
2026,1,Enero,R,107.871344614418,0.106521668553716,0.106521668553716,2.07710789905211
2026,2,Febrero,R,108.066132787094,0.180574529196553,0.287288548751752,2.56567951538802
2026,3,Marzo,R,107.744193375946,-0.297909625193782,-0.0114769366808321,2.26126489096798
2026,4,Abril,R,107.234762384278,-0.472815263362703,-0.484237935335141,1.63900805213708
2026,5,Mayo,R,109.10778771005,1.74665871787036,1.25396279842247,3.28587518788173
2026,6,Junio,R,110.290045073786,1.08356826634393,2.35111860772186,3.26818917751044
2026,7,Julio,P,110.803829487202,0.46584840279309,2.82791965899678,4.14498156001357
